"Group name";"Address";"Central";"Unfiltered";"Description";"Comment";"DatapointType";"Security"
"Demo 01 - Binaersignale";"1/-/-";"";"";"";"";"";""
"Schalten";"1/1/-";"";"";"";"";"";""
"Licht EG Schalten";"1/1/1";"False";"False";"DPT1.001";"";"DPST-1-1";"Auto"
"Licht OG Schalten";"1/1/2";"False";"False";"DPT1.001";"";"DPST-1-1";"Auto"
"Licht Keller Schalten";"1/1/3";"False";"False";"DPT1.001";"";"DPST-1-1";"Auto"
"Licht Garten Schalten";"1/1/4";"False";"False";"DPT1.001";"";"DPST-1-1";"Auto"
"Licht Garage Schalten";"1/1/5";"False";"False";"DPT1.001";"";"DPST-1-1";"Auto"
"Licht Flur Schalten";"1/1/6";"False";"False";"DPT1.001";"";"DPST-1-1";"Auto"
"Licht Bad Schalten";"1/1/7";"False";"False";"DPT1.001";"";"DPST-1-1";"Auto"
"Licht Küche Schalten";"1/1/8";"False";"False";"DPT1.001";"";"DPST-1-1";"Auto"
"Licht Wohnzimmer Schalten";"1/1/9";"False";"False";"DPT1.001";"";"DPST-1-1";"Auto"
"Licht Schlafzimmer Schalten";"1/1/10";"False";"False";"DPT1.001";"";"DPST-1-1";"Auto"
"Steckdose EG Schalten";"1/1/11";"False";"False";"DPT1.001";"";"DPST-1-1";"Auto"
"Steckdose OG Schalten";"1/1/12";"False";"False";"DPT1.001";"";"DPST-1-1";"Auto"
"Ventilator Schalten";"1/1/13";"False";"False";"DPT1.001";"";"DPST-1-1";"Auto"
"Pumpe Schalten";"1/1/14";"False";"False";"DPT1.001";"";"DPST-1-1";"Auto"
"Aussenbeleuchtung Schalten";"1/1/15";"False";"False";"DPT1.001";"";"DPST-1-1";"Auto"
"Garagentor Schalten";"1/1/16";"False";"False";"DPT1.001";"";"DPST-1-1";"Auto"
"Türklingel Schalten";"1/1/17";"False";"False";"DPT1.001";"";"DPST-1-1";"Auto"
"Alarm Schalten";"1/1/18";"False";"False";"DPT1.001";"";"DPST-1-1";"Auto"
"Heizung Schalten";"1/1/19";"False";"False";"DPT1.001";"";"DPST-1-1";"Auto"
"Klimaanlage Schalten";"1/1/20";"False";"False";"DPT1.001";"";"DPST-1-1";"Auto"
"Meldungen";"1/2/-";"";"";"";"";"";""
"Rauchmelder EG";"1/2/1";"False";"False";"DPT1.005";"";"DPST-1-5";"Auto"
"Rauchmelder OG";"1/2/2";"False";"False";"DPT1.005";"";"DPST-1-5";"Auto"
"Rauchmelder Keller";"1/2/3";"False";"False";"DPT1.005";"";"DPST-1-5";"Auto"
"Gasmelder";"1/2/4";"False";"False";"DPT1.005";"";"DPST-1-5";"Auto"
"Windalarm";"1/2/5";"False";"False";"DPT1.005";"";"DPST-1-5";"Auto"
"Regenalarm";"1/2/6";"False";"False";"DPT1.005";"";"DPST-1-5";"Auto"
"Frostmelder";"1/2/7";"False";"False";"DPT1.005";"";"DPST-1-5";"Auto"
"Dämmerungsmelder";"1/2/8";"False";"False";"DPT1.005";"";"DPST-1-5";"Auto"
"Wassermelder Keller";"1/2/9";"False";"False";"DPT1.005";"";"DPST-1-5";"Auto"
"Wassermelder Bad";"1/2/10";"False";"False";"DPT1.005";"";"DPST-1-5";"Auto"
"Bewegungsmelder EG";"1/2/11";"False";"False";"DPT1.018";"";"DPST-1-18";"Auto"
"Bewegungsmelder OG";"1/2/12";"False";"False";"DPT1.018";"";"DPST-1-18";"Auto"
"Bewegungsmelder Garten";"1/2/13";"False";"False";"DPT1.018";"";"DPST-1-18";"Auto"
"Präsenzmelder Büro";"1/2/14";"False";"False";"DPT1.018";"";"DPST-1-18";"Auto"
"Anwesenheit";"1/2/15";"False";"False";"DPT1.018";"";"DPST-1-18";"Auto"
"Fensterkontakt Wohnzimmer";"1/2/16";"False";"False";"DPT1.019";"";"DPST-1-19";"Auto"
"Fensterkontakt Schlafzimmer";"1/2/17";"False";"False";"DPT1.019";"";"DPST-1-19";"Auto"
"Türkontakt Haupteingang";"1/2/18";"False";"False";"DPT1.019";"";"DPST-1-19";"Auto"
"Türkontakt Garage";"1/2/19";"False";"False";"DPT1.019";"";"DPST-1-19";"Auto"
"Türkontakt Keller";"1/2/20";"False";"False";"DPT1.019";"";"DPST-1-19";"Auto"
"Steuerung";"1/3/-";"";"";"";"";"";""
"Jalousie Wohnzimmer Auf/Ab";"1/3/1";"False";"False";"DPT1.008";"";"DPST-1-8";"Auto"
"Jalousie Schlafzimmer Auf/Ab";"1/3/2";"False";"False";"DPT1.008";"";"DPST-1-8";"Auto"
"Jalousie Bad Auf/Ab";"1/3/3";"False";"False";"DPT1.008";"";"DPST-1-8";"Auto"
"Jalousie Küche Auf/Ab";"1/3/4";"False";"False";"DPT1.008";"";"DPST-1-8";"Auto"
"Rolladen EG Auf/Ab";"1/3/5";"False";"False";"DPT1.008";"";"DPST-1-8";"Auto"
"Rolladen OG Auf/Ab";"1/3/6";"False";"False";"DPT1.008";"";"DPST-1-8";"Auto"
"Markise Auf/Ab";"1/3/7";"False";"False";"DPT1.008";"";"DPST-1-8";"Auto"
"Carport Jalousie Auf/Ab";"1/3/8";"False";"False";"DPT1.008";"";"DPST-1-8";"Auto"
"Dachfenster Auf/Ab";"1/3/9";"False";"False";"DPT1.008";"";"DPST-1-8";"Auto"
"Tor Auf/Ab";"1/3/10";"False";"False";"DPT1.008";"";"DPST-1-8";"Auto"
"Garagentor Öffnen/Schliessen";"1/3/11";"False";"False";"DPT1.009";"";"DPST-1-9";"Auto"
"Dachfenster Öffnen/Schliessen";"1/3/12";"False";"False";"DPT1.009";"";"DPST-1-9";"Auto"
"Schloss Öffnen/Schliessen";"1/3/13";"False";"False";"DPT1.009";"";"DPST-1-9";"Auto"
"Regenwasserventil Öffnen/Schliessen";"1/3/14";"False";"False";"DPT1.009";"";"DPST-1-9";"Auto"
"Zonenventil Heizkreis Öffnen/Schliessen";"1/3/15";"False";"False";"DPT1.009";"";"DPST-1-9";"Auto"
"Lüftung Starten/Stoppen";"1/3/16";"False";"False";"DPT1.010";"";"DPST-1-10";"Auto"
"Pumpe Starten/Stoppen";"1/3/17";"False";"False";"DPT1.010";"";"DPST-1-10";"Auto"
"Bewässerung Starten/Stoppen";"1/3/18";"False";"False";"DPT1.010";"";"DPST-1-10";"Auto"
"WRG Starten/Stoppen";"1/3/19";"False";"False";"DPT1.010";"";"DPST-1-10";"Auto"
"Heizkreispumpe Starten/Stoppen";"1/3/20";"False";"False";"DPT1.010";"";"DPST-1-10";"Auto"
"Status Rückmeldung";"1/4/-";"";"";"";"";"";""
"Licht EG Status";"1/4/1";"False";"False";"DPT1.011";"";"DPST-1-11";"Auto"
"Licht OG Status";"1/4/2";"False";"False";"DPT1.011";"";"DPST-1-11";"Auto"
"Jalousie Wohnzimmer Status";"1/4/3";"False";"False";"DPT1.011";"";"DPST-1-11";"Auto"
"Jalousie Schlafzimmer Status";"1/4/4";"False";"False";"DPT1.011";"";"DPST-1-11";"Auto"
"Heizung Status";"1/4/5";"False";"False";"DPT1.011";"";"DPST-1-11";"Auto"
"Klimaanlage Status";"1/4/6";"False";"False";"DPT1.011";"";"DPST-1-11";"Auto"
"Lüftung Status";"1/4/7";"False";"False";"DPT1.011";"";"DPST-1-11";"Auto"
"Pumpe Status";"1/4/8";"False";"False";"DPT1.011";"";"DPST-1-11";"Auto"
"Garagentor Status";"1/4/9";"False";"False";"DPT1.011";"";"DPST-1-11";"Auto"
"Alarm Status";"1/4/10";"False";"False";"DPT1.011";"";"DPST-1-11";"Auto"
"Anwesenheit Status";"1/4/11";"False";"False";"DPT1.011";"";"DPST-1-11";"Auto"
"Nacht-Modus Status";"1/4/12";"False";"False";"DPT1.011";"";"DPST-1-11";"Auto"
"Urlaub-Modus Status";"1/4/13";"False";"False";"DPT1.011";"";"DPST-1-11";"Auto"
"Energie-Sparmodus Status";"1/4/14";"False";"False";"DPT1.011";"";"DPST-1-11";"Auto"
"Solar Status";"1/4/15";"False";"False";"DPT1.011";"";"DPST-1-11";"Auto"
"Tag/Nacht";"1/4/16";"False";"False";"DPT1.024";"";"DPST-1-24";"Auto"
"Sommerbetrieb";"1/4/17";"False";"False";"DPT1.024";"";"DPST-1-24";"Auto"
"Winterbetrieb";"1/4/18";"False";"False";"DPT1.024";"";"DPST-1-24";"Auto"
"Komfortmodus aktiv";"1/4/19";"False";"False";"DPT1.024";"";"DPST-1-24";"Auto"
"Absenkbetrieb aktiv";"1/4/20";"False";"False";"DPT1.024";"";"DPST-1-24";"Auto"
"Kontrollwerte 2-Bit";"1/5/-";"";"";"";"";"";""
"Licht EG Kontrollwert";"1/5/1";"False";"False";"DPT2.001";"";"DPST-2-1";"Auto"
"Licht OG Kontrollwert";"1/5/2";"False";"False";"DPT2.001";"";"DPST-2-1";"Auto"
"Jalousie Kontrollwert";"1/5/3";"False";"False";"DPT2.001";"";"DPST-2-1";"Auto"
"Heizung Kontrollwert";"1/5/4";"False";"False";"DPT2.001";"";"DPST-2-1";"Auto"
"Lüftung Kontrollwert";"1/5/5";"False";"False";"DPT2.001";"";"DPST-2-1";"Auto"
"Klimaanlage Kontrollwert";"1/5/6";"False";"False";"DPT2.001";"";"DPST-2-1";"Auto"
"Pumpe Kontrollwert";"1/5/7";"False";"False";"DPT2.001";"";"DPST-2-1";"Auto"
"Alarm Kontrollwert";"1/5/8";"False";"False";"DPT2.001";"";"DPST-2-1";"Auto"
"Tor Kontrollwert";"1/5/9";"False";"False";"DPT2.001";"";"DPST-2-1";"Auto"
"Szene Kontrollwert";"1/5/10";"False";"False";"DPT2.001";"";"DPST-2-1";"Auto"
"Dimmer EG Kontrollwert";"1/5/11";"False";"False";"DPT2.002";"";"DPST-2-2";"Auto"
"Dimmer OG Kontrollwert";"1/5/12";"False";"False";"DPT2.002";"";"DPST-2-2";"Auto"
"Markise Kontrollwert";"1/5/13";"False";"False";"DPT2.002";"";"DPST-2-2";"Auto"
"Rolladen Kontrollwert";"1/5/14";"False";"False";"DPT2.002";"";"DPST-2-2";"Auto"
"Garten Kontrollwert";"1/5/15";"False";"False";"DPT2.002";"";"DPST-2-2";"Auto"
"Keller Kontrollwert";"1/5/16";"False";"False";"DPT2.002";"";"DPST-2-2";"Auto"
"Büro Kontrollwert";"1/5/17";"False";"False";"DPT2.002";"";"DPST-2-2";"Auto"
"Bad Kontrollwert";"1/5/18";"False";"False";"DPT2.002";"";"DPST-2-2";"Auto"
"Küche Kontrollwert";"1/5/19";"False";"False";"DPT2.002";"";"DPST-2-2";"Auto"
"Flur Kontrollwert";"1/5/20";"False";"False";"DPT2.002";"";"DPST-2-2";"Auto"
"Demo 02 - Klima und Wetter";"2/-/-";"";"";"";"";"";""
"Temperaturen";"2/1/-";"";"";"";"";"";""
"Aussentemperatur";"2/1/1";"False";"False";"DPT9.001";"";"DPST-9-1";"Auto"
"Temperatur Wohnzimmer Ist";"2/1/2";"False";"False";"DPT9.001";"";"DPST-9-1";"Auto"
"Temperatur Schlafzimmer Ist";"2/1/3";"False";"False";"DPT9.001";"";"DPST-9-1";"Auto"
"Temperatur Küche Ist";"2/1/4";"False";"False";"DPT9.001";"";"DPST-9-1";"Auto"
"Temperatur Bad Ist";"2/1/5";"False";"False";"DPT9.001";"";"DPST-9-1";"Auto"
"Temperatur Keller Ist";"2/1/6";"False";"False";"DPT9.001";"";"DPST-9-1";"Auto"
"Temperatur Büro Ist";"2/1/7";"False";"False";"DPT9.001";"";"DPST-9-1";"Auto"
"Temperatur Flur Ist";"2/1/8";"False";"False";"DPT9.001";"";"DPST-9-1";"Auto"
"Temperatur Dachboden";"2/1/9";"False";"False";"DPT9.001";"";"DPST-9-1";"Auto"
"Temperatur Garage";"2/1/10";"False";"False";"DPT9.001";"";"DPST-9-1";"Auto"
"Vorlauftemperatur Heizung";"2/1/11";"False";"False";"DPT9.001";"";"DPST-9-1";"Auto"
"Rücklauftemperatur Heizung";"2/1/12";"False";"False";"DPT9.001";"";"DPST-9-1";"Auto"
"Warmwasser Temperatur";"2/1/13";"False";"False";"DPT9.001";"";"DPST-9-1";"Auto"
"Pufferspeicher Temperatur oben";"2/1/14";"False";"False";"DPT9.001";"";"DPST-9-1";"Auto"
"Pufferspeicher Temperatur unten";"2/1/15";"False";"False";"DPT9.001";"";"DPST-9-1";"Auto"
"Solarkollektor Temperatur";"2/1/16";"False";"False";"DPT9.001";"";"DPST-9-1";"Auto"
"Wärmepumpe Vorlauf";"2/1/17";"False";"False";"DPT9.001";"";"DPST-9-1";"Auto"
"Wärmepumpe Rücklauf";"2/1/18";"False";"False";"DPT9.001";"";"DPST-9-1";"Auto"
"Taupunkttemperatur";"2/1/19";"False";"False";"DPT9.001";"";"DPST-9-1";"Auto"
"Gefühlte Aussentemperatur";"2/1/20";"False";"False";"DPT9.001";"";"DPST-9-1";"Auto"
"Sollwerte & Differenzen";"2/2/-";"";"";"";"";"";""
"Sollwert Wohnzimmer";"2/2/1";"False";"False";"DPT9.001";"";"DPST-9-1";"Auto"
"Sollwert Schlafzimmer";"2/2/2";"False";"False";"DPT9.001";"";"DPST-9-1";"Auto"
"Sollwert Küche";"2/2/3";"False";"False";"DPT9.001";"";"DPST-9-1";"Auto"
"Sollwert Bad";"2/2/4";"False";"False";"DPT9.001";"";"DPST-9-1";"Auto"
"Sollwert Büro";"2/2/5";"False";"False";"DPT9.001";"";"DPST-9-1";"Auto"
"Sollwert Keller";"2/2/6";"False";"False";"DPT9.001";"";"DPST-9-1";"Auto"
"Sollwert Kühlung";"2/2/7";"False";"False";"DPT9.001";"";"DPST-9-1";"Auto"
"Sollwert Warmwasser";"2/2/8";"False";"False";"DPT9.001";"";"DPST-9-1";"Auto"
"Komfort-Offset";"2/2/9";"False";"False";"DPT9.002";"";"DPST-9-2";"Auto"
"Nacht-Absenkung";"2/2/10";"False";"False";"DPT9.002";"";"DPST-9-2";"Auto"
"Temperaturband Heizung";"2/2/11";"False";"False";"DPT9.002";"";"DPST-9-2";"Auto"
"Temperaturband Kühlung";"2/2/12";"False";"False";"DPT9.002";"";"DPST-9-2";"Auto"
"Differenz Vorlauf/Rücklauf";"2/2/13";"False";"False";"DPT9.002";"";"DPST-9-2";"Auto"
"Regelabweichung Wohnzimmer";"2/2/14";"False";"False";"DPT9.002";"";"DPST-9-2";"Auto"
"Regelabweichung Schlafzimmer";"2/2/15";"False";"False";"DPT9.002";"";"DPST-9-2";"Auto"
"Regelabweichung Küche";"2/2/16";"False";"False";"DPT9.002";"";"DPST-9-2";"Auto"
"Überhitzung Solarkollektor";"2/2/17";"False";"False";"DPT9.002";"";"DPST-9-2";"Auto"
"Delta-T Warmwasser";"2/2/18";"False";"False";"DPT9.002";"";"DPST-9-2";"Auto"
"Frostschutz-Sollwert";"2/2/19";"False";"False";"DPT9.001";"";"DPST-9-1";"Auto"
"Kühl-Sollwert Sommer";"2/2/20";"False";"False";"DPT9.001";"";"DPST-9-1";"Auto"
"Luftqualität & Feuchte";"2/3/-";"";"";"";"";"";""
"Relative Feuchte Wohnzimmer";"2/3/1";"False";"False";"DPT9.007";"";"DPST-9-7";"Auto"
"Relative Feuchte Schlafzimmer";"2/3/2";"False";"False";"DPT9.007";"";"DPST-9-7";"Auto"
"Relative Feuchte Bad";"2/3/3";"False";"False";"DPT9.007";"";"DPST-9-7";"Auto"
"Relative Feuchte Keller";"2/3/4";"False";"False";"DPT9.007";"";"DPST-9-7";"Auto"
"Relative Feuchte Aussen";"2/3/5";"False";"False";"DPT9.007";"";"DPST-9-7";"Auto"
"CO2-Gehalt Wohnzimmer";"2/3/6";"False";"False";"DPT9.008";"";"DPST-9-8";"Auto"
"CO2-Gehalt Schlafzimmer";"2/3/7";"False";"False";"DPT9.008";"";"DPST-9-8";"Auto"
"CO2-Gehalt Büro";"2/3/8";"False";"False";"DPT9.008";"";"DPST-9-8";"Auto"
"CO2-Gehalt Küche";"2/3/9";"False";"False";"DPT9.008";"";"DPST-9-8";"Auto"
"Luftvolumenstrom Zuluft";"2/3/10";"False";"False";"DPT9.009";"";"DPST-9-9";"Auto"
"Luftvolumenstrom Abluft";"2/3/11";"False";"False";"DPT9.009";"";"DPST-9-9";"Auto"
"Luftvolumenstrom WRG";"2/3/12";"False";"False";"DPT9.009";"";"DPST-9-9";"Auto"
"Absolute Feuchte Aussen";"2/3/13";"False";"False";"DPT9.029";"";"DPST-9-29";"Auto"
"Absolute Feuchte Innen";"2/3/14";"False";"False";"DPT9.029";"";"DPST-9-29";"Auto"
"Entfeuchtungsleistung";"2/3/15";"False";"False";"DPT9.029";"";"DPST-9-29";"Auto"
"Staubpartikel PM2.5";"2/3/16";"False";"False";"DPT9.030";"";"DPST-9-30";"Auto"
"Staubpartikel PM10";"2/3/17";"False";"False";"DPT9.030";"";"DPST-9-30";"Auto"
"Temperaturänderungsrate WZ";"2/3/18";"False";"False";"DPT9.003";"";"DPST-9-3";"Auto"
"Temperaturänderungsrate SZ";"2/3/19";"False";"False";"DPT9.003";"";"DPST-9-3";"Auto"
"Wärmerückgewinnung Effizienz";"2/3/20";"False";"False";"DPT9.003";"";"DPST-9-3";"Auto"
"Wetterdaten";"2/4/-";"";"";"";"";"";""
"Helligkeit Süd";"2/4/1";"False";"False";"DPT9.004";"";"DPST-9-4";"Auto"
"Helligkeit Ost";"2/4/2";"False";"False";"DPT9.004";"";"DPST-9-4";"Auto"
"Helligkeit West";"2/4/3";"False";"False";"DPT9.004";"";"DPST-9-4";"Auto"
"Globalstrahlung";"2/4/4";"False";"False";"DPT9.004";"";"DPST-9-4";"Auto"
"Windgeschwindigkeit";"2/4/5";"False";"False";"DPT9.005";"";"DPST-9-5";"Auto"
"Windböe";"2/4/6";"False";"False";"DPT9.005";"";"DPST-9-5";"Auto"
"Luftdruck absolut";"2/4/7";"False";"False";"DPT9.006";"";"DPST-9-6";"Auto"
"Luftdruck Tendenz";"2/4/8";"False";"False";"DPT9.006";"";"DPST-9-6";"Auto"
"Niederschlagsmenge";"2/4/9";"False";"False";"DPT9.026";"";"DPST-9-26";"Auto"
"Regenintensität";"2/4/10";"False";"False";"DPT9.026";"";"DPST-9-26";"Auto"
"Globalstrahlungsleistungsdichte";"2/4/11";"False";"False";"DPT9.022";"";"DPST-9-22";"Auto"
"UV-Strahlungsleistung";"2/4/12";"False";"False";"DPT9.022";"";"DPST-9-22";"Auto"
"Windgeschwindigkeit km/h";"2/4/13";"False";"False";"DPT9.028";"";"DPST-9-28";"Auto"
"Windböe km/h";"2/4/14";"False";"False";"DPT9.028";"";"DPST-9-28";"Auto"
"Aussentemperatur Fahrenheit";"2/4/15";"False";"False";"DPT9.027";"";"DPST-9-27";"Auto"
"Taupunkt Fahrenheit";"2/4/16";"False";"False";"DPT9.027";"";"DPST-9-27";"Auto"
"Wetterstation Versorgungsspannung";"2/4/17";"False";"False";"DPT9.020";"";"DPST-9-20";"Auto"
"Sensorstrom Wetterstation";"2/4/18";"False";"False";"DPT9.021";"";"DPST-9-21";"Auto"
"Ladestrom Wetterstation";"2/4/19";"False";"False";"DPT9.021";"";"DPST-9-21";"Auto"
"Regenwasserdurchfluss";"2/4/20";"False";"False";"DPT9.025";"";"DPST-9-25";"Auto"
"Betriebsmodi HVAC";"2/5/-";"";"";"";"";"";""
"HVAC-Betriebsmodus Wohnzimmer";"2/5/1";"False";"False";"DPT20.102";"";"DPST-20-102";"Auto"
"HVAC-Betriebsmodus Schlafzimmer";"2/5/2";"False";"False";"DPT20.102";"";"DPST-20-102";"Auto"
"HVAC-Betriebsmodus Bad";"2/5/3";"False";"False";"DPT20.102";"";"DPST-20-102";"Auto"
"HVAC-Betriebsmodus Büro";"2/5/4";"False";"False";"DPT20.102";"";"DPST-20-102";"Auto"
"Belegungsmodus Wohnzimmer";"2/5/5";"False";"False";"DPT20.003";"";"DPST-20-3";"Auto"
"Belegungsmodus Schlafzimmer";"2/5/6";"False";"False";"DPT20.003";"";"DPST-20-3";"Auto"
"Belegungsmodus Büro";"2/5/7";"False";"False";"DPT20.003";"";"DPST-20-3";"Auto"
"Gebäudemodus";"2/5/8";"False";"False";"DPT20.002";"";"DPST-20-2";"Auto"
"HVAC Controller Modus";"2/5/9";"False";"False";"DPT20.105";"";"DPST-20-105";"Auto"
"HVAC Emergency Modus";"2/5/10";"False";"False";"DPT20.106";"";"DPST-20-106";"Auto"
"DHW-Modus";"2/5/11";"False";"False";"DPT20.103";"";"DPST-20-103";"Auto"
"Ventilmodus Heizkreis";"2/5/12";"False";"False";"DPT20.108";"";"DPST-20-108";"Auto"
"Dämpfermodus Lüftung";"2/5/13";"False";"False";"DPT20.109";"";"DPST-20-109";"Auto"
"Lüftermodus";"2/5/14";"False";"False";"DPT20.111";"";"DPST-20-111";"Auto"
"Heizbetrieb Modus";"2/5/15";"False";"False";"DPT20.110";"";"DPST-20-110";"Auto"
"Wechselmodus Heizen/Kühlen";"2/5/16";"False";"False";"DPT20.107";"";"DPST-20-107";"Auto"
"Raumsollwert-Status";"2/5/17";"False";"False";"DPT20.113";"";"DPST-20-113";"Auto"
"Master/Slave-Modus";"2/5/18";"False";"False";"DPT20.112";"";"DPST-20-112";"Auto"
"Lastpriorität";"2/5/19";"False";"False";"DPT20.104";"";"DPST-20-104";"Auto"
"Brennstofftyp";"2/5/20";"False";"False";"DPT20.100";"";"DPST-20-100";"Auto"
"Demo 03 - Licht und Beschattung";"3/-/-";"";"";"";"";"";""
"Dimmen";"3/1/-";"";"";"";"";"";""
"Dimmer Wohnzimmer Wert";"3/1/1";"False";"False";"DPT5.001";"";"DPST-5-1";"Auto"
"Dimmer Schlafzimmer Wert";"3/1/2";"False";"False";"DPT5.001";"";"DPST-5-1";"Auto"
"Dimmer Küche Wert";"3/1/3";"False";"False";"DPT5.001";"";"DPST-5-1";"Auto"
"Dimmer Bad Wert";"3/1/4";"False";"False";"DPT5.001";"";"DPST-5-1";"Auto"
"Dimmer Büro Wert";"3/1/5";"False";"False";"DPT5.001";"";"DPST-5-1";"Auto"
"Dimmer Flur EG Wert";"3/1/6";"False";"False";"DPT5.001";"";"DPST-5-1";"Auto"
"Dimmer Flur OG Wert";"3/1/7";"False";"False";"DPT5.001";"";"DPST-5-1";"Auto"
"Dimmer Keller Wert";"3/1/8";"False";"False";"DPT5.001";"";"DPST-5-1";"Auto"
"Dimmer Garten Wert";"3/1/9";"False";"False";"DPT5.001";"";"DPST-5-1";"Auto"
"Dimmer Aussenbeleuchtung Wert";"3/1/10";"False";"False";"DPT5.001";"";"DPST-5-1";"Auto"
"Dimmer Wohnzimmer Steuern";"3/1/11";"False";"False";"DPT3.007";"";"DPST-3-7";"Auto"
"Dimmer Schlafzimmer Steuern";"3/1/12";"False";"False";"DPT3.007";"";"DPST-3-7";"Auto"
"Dimmer Küche Steuern";"3/1/13";"False";"False";"DPT3.007";"";"DPST-3-7";"Auto"
"Dimmer Bad Steuern";"3/1/14";"False";"False";"DPT3.007";"";"DPST-3-7";"Auto"
"Dimmer Büro Steuern";"3/1/15";"False";"False";"DPT3.007";"";"DPST-3-7";"Auto"
"Dimmer Flur EG Steuern";"3/1/16";"False";"False";"DPT3.007";"";"DPST-3-7";"Auto"
"Dimmer Flur OG Steuern";"3/1/17";"False";"False";"DPT3.007";"";"DPST-3-7";"Auto"
"Dimmer Keller Steuern";"3/1/18";"False";"False";"DPT3.007";"";"DPST-3-7";"Auto"
"Dimmer Garten Steuern";"3/1/19";"False";"False";"DPT3.007";"";"DPST-3-7";"Auto"
"Dimmer Aussenbeleuchtung Steuern";"3/1/20";"False";"False";"DPT3.007";"";"DPST-3-7";"Auto"
"Jalousie Positionen";"3/2/-";"";"";"";"";"";""
"Position Jalousie Wohnzimmer";"3/2/1";"False";"False";"DPT5.001";"";"DPST-5-1";"Auto"
"Position Jalousie Schlafzimmer";"3/2/2";"False";"False";"DPT5.001";"";"DPST-5-1";"Auto"
"Position Jalousie Bad";"3/2/3";"False";"False";"DPT5.001";"";"DPST-5-1";"Auto"
"Position Jalousie Küche";"3/2/4";"False";"False";"DPT5.001";"";"DPST-5-1";"Auto"
"Position Jalousie Büro";"3/2/5";"False";"False";"DPT5.001";"";"DPST-5-1";"Auto"
"Position Rolladen EG";"3/2/6";"False";"False";"DPT5.001";"";"DPST-5-1";"Auto"
"Position Rolladen OG";"3/2/7";"False";"False";"DPT5.001";"";"DPST-5-1";"Auto"
"Position Markise";"3/2/8";"False";"False";"DPT5.001";"";"DPST-5-1";"Auto"
"Position Dachfenster";"3/2/9";"False";"False";"DPT5.001";"";"DPST-5-1";"Auto"
"Position Garagentor";"3/2/10";"False";"False";"DPT5.001";"";"DPST-5-1";"Auto"
"Lamellenwinkel Jalousie Wohnzimmer";"3/2/11";"False";"False";"DPT5.001";"";"DPST-5-1";"Auto"
"Lamellenwinkel Jalousie Schlafzimmer";"3/2/12";"False";"False";"DPT5.001";"";"DPST-5-1";"Auto"
"Lamellenwinkel Jalousie Bad";"3/2/13";"False";"False";"DPT5.001";"";"DPST-5-1";"Auto"
"Lamellenwinkel Jalousie Büro";"3/2/14";"False";"False";"DPT5.001";"";"DPST-5-1";"Auto"
"Lamellenwinkel Jalousie Küche";"3/2/15";"False";"False";"DPT5.001";"";"DPST-5-1";"Auto"
"Jalousie Wohnzimmer Schrittsteuerung";"3/2/16";"False";"False";"DPT3.008";"";"DPST-3-8";"Auto"
"Jalousie Schlafzimmer Schrittsteuerung";"3/2/17";"False";"False";"DPT3.008";"";"DPST-3-8";"Auto"
"Rolladen EG Schrittsteuerung";"3/2/18";"False";"False";"DPT3.008";"";"DPST-3-8";"Auto"
"Markise Schrittsteuerung";"3/2/19";"False";"False";"DPT3.008";"";"DPST-3-8";"Auto"
"Carport Jalousie Schrittsteuerung";"3/2/20";"False";"False";"DPT3.008";"";"DPST-3-8";"Auto"
"Farbe & Helligkeit";"3/3/-";"";"";"";"";"";""
"Farbtemperatur Wohnzimmer";"3/3/1";"False";"False";"DPT7.600";"";"DPST-7-600";"Auto"
"Farbtemperatur Schlafzimmer";"3/3/2";"False";"False";"DPT7.600";"";"DPST-7-600";"Auto"
"Farbtemperatur Bad";"3/3/3";"False";"False";"DPT7.600";"";"DPST-7-600";"Auto"
"Farbtemperatur Büro";"3/3/4";"False";"False";"DPT7.600";"";"DPST-7-600";"Auto"
"Farbtemperatur Küche";"3/3/5";"False";"False";"DPT7.600";"";"DPST-7-600";"Auto"
"Farbtemperatur Flur EG";"3/3/6";"False";"False";"DPT7.600";"";"DPST-7-600";"Auto"
"Farbtemperatur Flur OG";"3/3/7";"False";"False";"DPT7.600";"";"DPST-7-600";"Auto"
"Farbtemperatur Garten";"3/3/8";"False";"False";"DPT7.600";"";"DPST-7-600";"Auto"
"Helligkeit Sensor Innen";"3/3/9";"False";"False";"DPT7.013";"";"DPST-7-13";"Auto"
"Helligkeit Sensor Garten";"3/3/10";"False";"False";"DPT7.013";"";"DPST-7-13";"Auto"
"Relative Helligkeit Wohnzimmer";"3/3/11";"False";"False";"DPT5.001";"";"DPST-5-1";"Auto"
"Relative Helligkeit Schlafzimmer";"3/3/12";"False";"False";"DPT5.001";"";"DPST-5-1";"Auto"
"Relative Helligkeit Bad";"3/3/13";"False";"False";"DPT5.001";"";"DPST-5-1";"Auto"
"Relative Helligkeit Büro";"3/3/14";"False";"False";"DPT5.001";"";"DPST-5-1";"Auto"
"Relative Helligkeit Küche";"3/3/15";"False";"False";"DPT5.001";"";"DPST-5-1";"Auto"
"Betriebsstunden Licht EG";"3/3/16";"False";"False";"DPT7.001";"";"DPST-7-1";"Auto"
"Betriebsstunden Licht OG";"3/3/17";"False";"False";"DPT7.001";"";"DPST-7-1";"Auto"
"Betriebsstunden Licht Büro";"3/3/18";"False";"False";"DPT7.001";"";"DPST-7-1";"Auto"
"Betriebsstunden Licht Garten";"3/3/19";"False";"False";"DPT7.001";"";"DPST-7-1";"Auto"
"Betriebsstunden Licht Keller";"3/3/20";"False";"False";"DPT7.001";"";"DPST-7-1";"Auto"
"Szenensteuerung";"3/4/-";"";"";"";"";"";""
"Szene Wohnzimmer aufrufen";"3/4/1";"False";"False";"DPT17.001";"";"DPST-17-1";"Auto"
"Szene Schlafzimmer aufrufen";"3/4/2";"False";"False";"DPT17.001";"";"DPST-17-1";"Auto"
"Szene Küche aufrufen";"3/4/3";"False";"False";"DPT17.001";"";"DPST-17-1";"Auto"
"Szene Bad aufrufen";"3/4/4";"False";"False";"DPT17.001";"";"DPST-17-1";"Auto"
"Szene Büro aufrufen";"3/4/5";"False";"False";"DPT17.001";"";"DPST-17-1";"Auto"
"Szene Flur aufrufen";"3/4/6";"False";"False";"DPT17.001";"";"DPST-17-1";"Auto"
"Szene Garten aufrufen";"3/4/7";"False";"False";"DPT17.001";"";"DPST-17-1";"Auto"
"Szene Alle aus aufrufen";"3/4/8";"False";"False";"DPT17.001";"";"DPST-17-1";"Auto"
"Szene Party aufrufen";"3/4/9";"False";"False";"DPT17.001";"";"DPST-17-1";"Auto"
"Szene Film aufrufen";"3/4/10";"False";"False";"DPT17.001";"";"DPST-17-1";"Auto"
"Szene Wohnzimmer steuern/speichern";"3/4/11";"False";"False";"DPT18.001";"";"DPST-18-1";"Auto"
"Szene Schlafzimmer steuern/speichern";"3/4/12";"False";"False";"DPT18.001";"";"DPST-18-1";"Auto"
"Szene Küche steuern/speichern";"3/4/13";"False";"False";"DPT18.001";"";"DPST-18-1";"Auto"
"Szene Bad steuern/speichern";"3/4/14";"False";"False";"DPT18.001";"";"DPST-18-1";"Auto"
"Szene Büro steuern/speichern";"3/4/15";"False";"False";"DPT18.001";"";"DPST-18-1";"Auto"
"Szene Flur steuern/speichern";"3/4/16";"False";"False";"DPT18.001";"";"DPST-18-1";"Auto"
"Szene Garten steuern/speichern";"3/4/17";"False";"False";"DPT18.001";"";"DPST-18-1";"Auto"
"Szene Alle aus speichern";"3/4/18";"False";"False";"DPT18.001";"";"DPST-18-1";"Auto"
"Szene Party speichern";"3/4/19";"False";"False";"DPT18.001";"";"DPST-18-1";"Auto"
"Szene Film speichern";"3/4/20";"False";"False";"DPT18.001";"";"DPST-18-1";"Auto"
"Winkel & Rohwerte";"3/5/-";"";"";"";"";"";""
"Lamellenwinkel Absolut Wohnzimmer";"3/5/1";"False";"False";"DPT5.003";"";"DPST-5-3";"Auto"
"Lamellenwinkel Absolut Schlafzimmer";"3/5/2";"False";"False";"DPT5.003";"";"DPST-5-3";"Auto"
"Lamellenwinkel Absolut Bad";"3/5/3";"False";"False";"DPT5.003";"";"DPST-5-3";"Auto"
"Lamellenwinkel Absolut Büro";"3/5/4";"False";"False";"DPT5.003";"";"DPST-5-3";"Auto"
"Lamellenwinkel Absolut Küche";"3/5/5";"False";"False";"DPT5.003";"";"DPST-5-3";"Auto"
"Sonnenschutz Reaktionsschwelle";"3/5/6";"False";"False";"DPT5.001";"";"DPST-5-1";"Auto"
"Einschaltwert Dimmer Wohnzimmer";"3/5/7";"False";"False";"DPT5.001";"";"DPST-5-1";"Auto"
"Einschaltwert Dimmer Schlafzimmer";"3/5/8";"False";"False";"DPT5.001";"";"DPST-5-1";"Auto"
"Einschaltwert Dimmer Bad";"3/5/9";"False";"False";"DPT5.001";"";"DPST-5-1";"Auto"
"Einschaltwert Dimmer Büro";"3/5/10";"False";"False";"DPT5.001";"";"DPST-5-1";"Auto"
"Minimalwert Dimmer Wohnzimmer";"3/5/11";"False";"False";"DPT5.001";"";"DPST-5-1";"Auto"
"Dimmzeit Rohwert";"3/5/12";"False";"False";"DPT5.004";"";"DPST-5-4";"Auto"
"Reaktionszeit Sensor Rohwert";"3/5/13";"False";"False";"DPT5.004";"";"DPST-5-4";"Auto"
"Maximale Dimmhelligkeit Rohwert";"3/5/14";"False";"False";"DPT5.004";"";"DPST-5-4";"Auto"
"Minimale Dimmhelligkeit Rohwert";"3/5/15";"False";"False";"DPT5.004";"";"DPST-5-4";"Auto"
"Dimmwert Stufe 1";"3/5/16";"False";"False";"DPT5.004";"";"DPST-5-4";"Auto"
"Dimmwert Stufe 2";"3/5/17";"False";"False";"DPT5.004";"";"DPST-5-4";"Auto"
"Dimmwert Stufe 3";"3/5/18";"False";"False";"DPT5.004";"";"DPST-5-4";"Auto"
"Dimmwert Stufe 4";"3/5/19";"False";"False";"DPT5.004";"";"DPST-5-4";"Auto"
"Dimmwert Stufe 5";"3/5/20";"False";"False";"DPT5.004";"";"DPST-5-4";"Auto"
"Demo 04 - Energie und Zaehler";"4/-/-";"";"";"";"";"";""
"Elektrische Grössen";"4/1/-";"";"";"";"";"";""
"Netzspannung L1";"4/1/1";"False";"False";"DPT14.027";"";"DPST-14-27";"Auto"
"Netzspannung L2";"4/1/2";"False";"False";"DPT14.027";"";"DPST-14-27";"Auto"
"Netzspannung L3";"4/1/3";"False";"False";"DPT14.027";"";"DPST-14-27";"Auto"
"Strom L1";"4/1/4";"False";"False";"DPT14.019";"";"DPST-14-19";"Auto"
"Strom L2";"4/1/5";"False";"False";"DPT14.019";"";"DPST-14-19";"Auto"
"Strom L3";"4/1/6";"False";"False";"DPT14.019";"";"DPST-14-19";"Auto"
"Wirkleistung L1";"4/1/7";"False";"False";"DPT14.056";"";"DPST-14-56";"Auto"
"Wirkleistung L2";"4/1/8";"False";"False";"DPT14.056";"";"DPST-14-56";"Auto"
"Wirkleistung L3";"4/1/9";"False";"False";"DPT14.056";"";"DPST-14-56";"Auto"
"Wirkleistung Gesamt";"4/1/10";"False";"False";"DPT14.056";"";"DPST-14-56";"Auto"
"Scheinleistung Gesamt";"4/1/11";"False";"False";"DPT14.080";"";"DPST-14-80";"Auto"
"Leistungsfaktor";"4/1/12";"False";"False";"DPT14.057";"";"DPST-14-57";"Auto"
"Netzfrequenz";"4/1/13";"False";"False";"DPT14.033";"";"DPST-14-33";"Auto"
"Spannung PV-Anlage";"4/1/14";"False";"False";"DPT14.027";"";"DPST-14-27";"Auto"
"Spannung Batterie";"4/1/15";"False";"False";"DPT14.027";"";"DPST-14-27";"Auto"
"Spannung Wechselrichter";"4/1/16";"False";"False";"DPT14.027";"";"DPST-14-27";"Auto"
"Strom PV-Anlage";"4/1/17";"False";"False";"DPT14.019";"";"DPST-14-19";"Auto"
"Strom Batterie";"4/1/18";"False";"False";"DPT14.019";"";"DPST-14-19";"Auto"
"Strom Wärmepumpe";"4/1/19";"False";"False";"DPT14.019";"";"DPST-14-19";"Auto"
"Wirkleistung Wärmepumpe";"4/1/20";"False";"False";"DPT14.056";"";"DPST-14-56";"Auto"
"Energiezähler";"4/2/-";"";"";"";"";"";""
"Wirkenergie Bezug";"4/2/1";"False";"False";"DPT13.010";"";"DPST-13-10";"Auto"
"Wirkenergie Einspeisung";"4/2/2";"False";"False";"DPT13.010";"";"DPST-13-10";"Auto"
"Wirkenergie Gesamt kWh";"4/2/3";"False";"False";"DPT13.013";"";"DPST-13-13";"Auto"
"Wirkenergie Einspeisung kWh";"4/2/4";"False";"False";"DPT13.013";"";"DPST-13-13";"Auto"
"Bezugsenergie Tarif 1";"4/2/5";"False";"False";"DPT13.013";"";"DPST-13-13";"Auto"
"Bezugsenergie Tarif 2";"4/2/6";"False";"False";"DPT13.013";"";"DPST-13-13";"Auto"
"PV-Erzeugung heute kWh";"4/2/7";"False";"False";"DPT13.013";"";"DPST-13-13";"Auto"
"PV-Erzeugung gesamt kWh";"4/2/8";"False";"False";"DPT13.013";"";"DPST-13-13";"Auto"
"Eigenverbrauch heute kWh";"4/2/9";"False";"False";"DPT13.001";"";"DPST-13-1";"Auto"
"Batterie Ladestand Wh";"4/2/10";"False";"False";"DPT13.010";"";"DPST-13-10";"Auto"
"Wirkenergie 64-Bit Bezug";"4/2/11";"False";"False";"DPT29.010";"";"DPST-29-10";"Auto"
"Scheinenergie 64-Bit";"4/2/12";"False";"False";"DPT29.011";"";"DPST-29-11";"Auto"
"Blindenergie 64-Bit";"4/2/13";"False";"False";"DPT29.012";"";"DPST-29-12";"Auto"
"Wärmeenergie gesamt kWh";"4/2/14";"False";"False";"DPT13.013";"";"DPST-13-13";"Auto"
"Warmwasserenergie kWh";"4/2/15";"False";"False";"DPT13.013";"";"DPST-13-13";"Auto"
"Kühlenergie gesamt kWh";"4/2/16";"False";"False";"DPT13.013";"";"DPST-13-13";"Auto"
"Gasverbrauch kWh";"4/2/17";"False";"False";"DPT13.013";"";"DPST-13-13";"Auto"
"Energie Heizung heute kWh";"4/2/18";"False";"False";"DPT13.013";"";"DPST-13-13";"Auto"
"Energie Kühlung heute kWh";"4/2/19";"False";"False";"DPT13.013";"";"DPST-13-13";"Auto"
"Energie Lüftung heute kWh";"4/2/20";"False";"False";"DPT13.013";"";"DPST-13-13";"Auto"
"Zählerimpulse & Durchfluss";"4/3/-";"";"";"";"";"";""
"Wasserverbrauch gesamt";"4/3/1";"False";"False";"DPT12.001";"";"DPST-12-1";"Auto"
"Gasverbrauch gesamt";"4/3/2";"False";"False";"DPT12.001";"";"DPST-12-1";"Auto"
"Wärmemengenzähler";"4/3/3";"False";"False";"DPT12.001";"";"DPST-12-1";"Auto"
"Kältezähler";"4/3/4";"False";"False";"DPT12.001";"";"DPST-12-1";"Auto"
"Impulszähler Solar";"4/3/5";"False";"False";"DPT12.001";"";"DPST-12-1";"Auto"
"Impulszähler Brunnen";"4/3/6";"False";"False";"DPT12.001";"";"DPST-12-1";"Auto"
"Impulszähler Regen";"4/3/7";"False";"False";"DPT12.001";"";"DPST-12-1";"Auto"
"Tageszähler Wasser";"4/3/8";"False";"False";"DPT12.001";"";"DPST-12-1";"Auto"
"Tageszähler Gas";"4/3/9";"False";"False";"DPT12.001";"";"DPST-12-1";"Auto"
"Tageszähler Wärme";"4/3/10";"False";"False";"DPT12.001";"";"DPST-12-1";"Auto"
"Durchfluss Heizkreis";"4/3/11";"False";"False";"DPT9.025";"";"DPST-9-25";"Auto"
"Durchfluss Warmwasser";"4/3/12";"False";"False";"DPT9.025";"";"DPST-9-25";"Auto"
"Durchfluss Solar";"4/3/13";"False";"False";"DPT9.025";"";"DPST-9-25";"Auto"
"Durchfluss Brunnen";"4/3/14";"False";"False";"DPT9.025";"";"DPST-9-25";"Auto"
"Durchfluss Kühlkreis";"4/3/15";"False";"False";"DPT9.025";"";"DPST-9-25";"Auto"
"Durchfluss Kälte";"4/3/16";"False";"False";"DPT9.025";"";"DPST-9-25";"Auto"
"Betriebsstunden Anlage";"4/3/17";"False";"False";"DPT7.001";"";"DPST-7-1";"Auto"
"Betriebsstunden Kompressor";"4/3/18";"False";"False";"DPT7.001";"";"DPST-7-1";"Auto"
"Anzahl Starts Kompressor";"4/3/19";"False";"False";"DPT7.001";"";"DPST-7-1";"Auto"
"Zählerstand Stromzähler";"4/3/20";"False";"False";"DPT12.001";"";"DPST-12-1";"Auto"
"Solar & PV";"4/4/-";"";"";"";"";"";""
"PV Leistung aktuell";"4/4/1";"False";"False";"DPT9.024";"";"DPST-9-24";"Auto"
"PV Ertrag heute";"4/4/2";"False";"False";"DPT9.024";"";"DPST-9-24";"Auto"
"Solarkollektor Temperatur";"4/4/3";"False";"False";"DPT9.001";"";"DPST-9-1";"Auto"
"Solarspeicher Temperatur oben";"4/4/4";"False";"False";"DPT9.001";"";"DPST-9-1";"Auto"
"Solarspeicher Temperatur unten";"4/4/5";"False";"False";"DPT9.001";"";"DPST-9-1";"Auto"
"Wärmepumpe Vorlauf";"4/4/6";"False";"False";"DPT9.001";"";"DPST-9-1";"Auto"
"Solarpumpe Drehzahl";"4/4/7";"False";"False";"DPT5.001";"";"DPST-5-1";"Auto"
"Batterie SOC";"4/4/8";"False";"False";"DPT5.001";"";"DPST-5-1";"Auto"
"Eigenverbrauchsquote";"4/4/9";"False";"False";"DPT5.001";"";"DPST-5-1";"Auto"
"Autarkiequote";"4/4/10";"False";"False";"DPT5.001";"";"DPST-5-1";"Auto"
"PV Effizienz";"4/4/11";"False";"False";"DPT5.001";"";"DPST-5-1";"Auto"
"Batterie Ladezustand";"4/4/12";"False";"False";"DPT5.001";"";"DPST-5-1";"Auto"
"Wärmepumpe COP";"4/4/13";"False";"False";"DPT9.024";"";"DPST-9-24";"Auto"
"Wärmepumpe Leistungszahl";"4/4/14";"False";"False";"DPT9.024";"";"DPST-9-24";"Auto"
"Wärmepumpe Wärmeleistung";"4/4/15";"False";"False";"DPT14.056";"";"DPST-14-56";"Auto"
"Wärmepumpe Kälteleistung";"4/4/16";"False";"False";"DPT14.056";"";"DPST-14-56";"Auto"
"Druckdifferenz Heizkreis";"4/4/17";"False";"False";"DPT14.058";"";"DPST-14-58";"Auto"
"Druckdifferenz Kühlkreis";"4/4/18";"False";"False";"DPT14.058";"";"DPST-14-58";"Auto"
"Volumenstrom Heizkreis gesamt";"4/4/19";"False";"False";"DPT9.025";"";"DPST-9-25";"Auto"
"Volumenstrom Kühlkreis gesamt";"4/4/20";"False";"False";"DPT9.025";"";"DPST-9-25";"Auto"
"Verbraucheranalyse";"4/5/-";"";"";"";"";"";""
"Verbrauch Beleuchtung EG";"4/5/1";"False";"False";"DPT9.024";"";"DPST-9-24";"Auto"
"Verbrauch Beleuchtung OG";"4/5/2";"False";"False";"DPT9.024";"";"DPST-9-24";"Auto"
"Verbrauch Wärmepumpe";"4/5/3";"False";"False";"DPT9.024";"";"DPST-9-24";"Auto"
"Verbrauch Klimaanlage";"4/5/4";"False";"False";"DPT9.024";"";"DPST-9-24";"Auto"
"Verbrauch Kühlschrank";"4/5/5";"False";"False";"DPT9.024";"";"DPST-9-24";"Auto"
"Verbrauch Waschmaschine";"4/5/6";"False";"False";"DPT9.024";"";"DPST-9-24";"Auto"
"Verbrauch Geschirrspüler";"4/5/7";"False";"False";"DPT9.024";"";"DPST-9-24";"Auto"
"Verbrauch E-Herd";"4/5/8";"False";"False";"DPT9.024";"";"DPST-9-24";"Auto"
"Verbrauch Wallbox E-Auto";"4/5/9";"False";"False";"DPT9.024";"";"DPST-9-24";"Auto"
"Verbrauch Lüftungsanlage";"4/5/10";"False";"False";"DPT9.024";"";"DPST-9-24";"Auto"
"Tagesverbrauch Beleuchtung";"4/5/11";"False";"False";"DPT13.013";"";"DPST-13-13";"Auto"
"Tagesverbrauch Wärmepumpe";"4/5/12";"False";"False";"DPT13.013";"";"DPST-13-13";"Auto"
"Tagesverbrauch Klimaanlage";"4/5/13";"False";"False";"DPT13.013";"";"DPST-13-13";"Auto"
"Tagesverbrauch E-Auto";"4/5/14";"False";"False";"DPT13.013";"";"DPST-13-13";"Auto"
"Monatsverbrauch Gesamt";"4/5/15";"False";"False";"DPT13.013";"";"DPST-13-13";"Auto"
"Jahresverbrauch Gesamt";"4/5/16";"False";"False";"DPT13.013";"";"DPST-13-13";"Auto"
"CO2-Emissionen heute";"4/5/17";"False";"False";"DPT14.051";"";"DPST-14-51";"Auto"
"CO2-Emissionen Monat";"4/5/18";"False";"False";"DPT14.051";"";"DPST-14-51";"Auto"
"Eingespartes CO2 PV";"4/5/19";"False";"False";"DPT14.051";"";"DPST-14-51";"Auto"
"Energiekosten heute (Cent)";"4/5/20";"False";"False";"DPT13.001";"";"DPST-13-1";"Auto"
"Demo 05 - System und Sonderfunktionen";"5/-/-";"";"";"";"";"";""
"Zeit & Datum";"5/1/-";"";"";"";"";"";""
"Aktuelle Uhrzeit";"5/1/1";"False";"False";"DPT10.001";"";"DPST-10-1";"Auto"
"Aktuelles Datum";"5/1/2";"False";"False";"DPT11.001";"";"DPST-11-1";"Auto"
"Datum und Uhrzeit";"5/1/3";"False";"False";"DPT19.001";"";"DPST-19-1";"Auto"
"Sonnenaufgang Uhrzeit";"5/1/4";"False";"False";"DPT10.001";"";"DPST-10-1";"Auto"
"Sonnenuntergang Uhrzeit";"5/1/5";"False";"False";"DPT10.001";"";"DPST-10-1";"Auto"
"Uhrzeit Schaltaktor 1";"5/1/6";"False";"False";"DPT10.001";"";"DPST-10-1";"Auto"
"Uhrzeit Schaltaktor 2";"5/1/7";"False";"False";"DPT10.001";"";"DPST-10-1";"Auto"
"Datum letzte Wartung";"5/1/8";"False";"False";"DPT11.001";"";"DPST-11-1";"Auto"
"Datum nächste Wartung";"5/1/9";"False";"False";"DPT11.001";"";"DPST-11-1";"Auto"
"Datum letzter Alarm";"5/1/10";"False";"False";"DPT11.001";"";"DPST-11-1";"Auto"
"Betriebszeit Anlage";"5/1/11";"False";"False";"DPT7.007";"";"DPST-7-7";"Auto"
"Betriebszeit Heizung";"5/1/12";"False";"False";"DPT7.007";"";"DPST-7-7";"Auto"
"Betriebszeit Wärmepumpe";"5/1/13";"False";"False";"DPT7.007";"";"DPST-7-7";"Auto"
"Betriebszeit Lüftung";"5/1/14";"False";"False";"DPT7.007";"";"DPST-7-7";"Auto"
"Betriebszeit Solar";"5/1/15";"False";"False";"DPT7.007";"";"DPST-7-7";"Auto"
"Datum/Zeit letzte Änderung";"5/1/16";"False";"False";"DPT19.001";"";"DPST-19-1";"Auto"
"Datum Inbetriebnahme";"5/1/17";"False";"False";"DPT19.001";"";"DPST-19-1";"Auto"
"Datum letztes Update";"5/1/18";"False";"False";"DPT19.001";"";"DPST-19-1";"Auto"
"Sommerzeit aktiv";"5/1/19";"False";"False";"DPT1.001";"";"DPST-1-1";"Auto"
"Zeitsynchronisation aktiv";"5/1/20";"False";"False";"DPT1.001";"";"DPST-1-1";"Auto"
"Texte & Zeichenketten";"5/2/-";"";"";"";"";"";""
"Statustext Heizung";"5/2/1";"False";"False";"DPT16.000";"";"DPST-16-0";"Auto"
"Statustext Lüftung";"5/2/2";"False";"False";"DPT16.000";"";"DPST-16-0";"Auto"
"Statustext Alarm";"5/2/3";"False";"False";"DPT16.000";"";"DPST-16-0";"Auto"
"Statustext Wetter";"5/2/4";"False";"False";"DPT16.000";"";"DPST-16-0";"Auto"
"Statustext Energie";"5/2/5";"False";"False";"DPT16.000";"";"DPST-16-0";"Auto"
"Statustext Solar";"5/2/6";"False";"False";"DPT16.000";"";"DPST-16-0";"Auto"
"Statustext Wärmepumpe";"5/2/7";"False";"False";"DPT16.000";"";"DPST-16-0";"Auto"
"Statustext Garten";"5/2/8";"False";"False";"DPT16.000";"";"DPST-16-0";"Auto"
"Gerätebezeichnung Sensor 1";"5/2/9";"False";"False";"DPT16.000";"";"DPST-16-0";"Auto"
"Gerätebezeichnung Sensor 2";"5/2/10";"False";"False";"DPT16.000";"";"DPST-16-0";"Auto"
"Fehlertext Heizung";"5/2/11";"False";"False";"DPT16.001";"";"DPST-16-1";"Auto"
"Fehlertext Lüftung";"5/2/12";"False";"False";"DPT16.001";"";"DPST-16-1";"Auto"
"Fehlertext Wärmepumpe";"5/2/13";"False";"False";"DPT16.001";"";"DPST-16-1";"Auto"
"Fehlertext Solar";"5/2/14";"False";"False";"DPT16.001";"";"DPST-16-1";"Auto"
"Fehlertext Alarm";"5/2/15";"False";"False";"DPT16.001";"";"DPST-16-1";"Auto"
"Systemname";"5/2/16";"False";"False";"DPT16.001";"";"DPST-16-1";"Auto"
"Benutzertext 1";"5/2/17";"False";"False";"DPT16.001";"";"DPST-16-1";"Auto"
"Benutzertext 2";"5/2/18";"False";"False";"DPT16.001";"";"DPST-16-1";"Auto"
"Benutzertext 3";"5/2/19";"False";"False";"DPT16.001";"";"DPST-16-1";"Auto"
"Benutzertext 4";"5/2/20";"False";"False";"DPT16.001";"";"DPST-16-1";"Auto"
"Ganzzahlen";"5/3/-";"";"";"";"";"";""
"Offsetkorrektur Temperatur";"5/3/1";"False";"False";"DPT6.001";"";"DPST-6-1";"Auto"
"Offsetkorrektur Feuchte";"5/3/2";"False";"False";"DPT6.001";"";"DPST-6-1";"Auto"
"Korrekturwert Helligkeit";"5/3/3";"False";"False";"DPT6.001";"";"DPST-6-1";"Auto"
"Korrekturwert CO2";"5/3/4";"False";"False";"DPT6.001";"";"DPST-6-1";"Auto"
"Betriebsstunden Anlage uint16";"5/3/5";"False";"False";"DPT7.001";"";"DPST-7-1";"Auto"
"Zyklen Kompressor";"5/3/6";"False";"False";"DPT7.001";"";"DPST-7-1";"Auto"
"Fehlercode aktuell";"5/3/7";"False";"False";"DPT7.001";"";"DPST-7-1";"Auto"
"Farbtemperatur Preset";"5/3/8";"False";"False";"DPT7.600";"";"DPST-7-600";"Auto"
"Zeitverzögerung Pumpe ms";"5/3/9";"False";"False";"DPT7.002";"";"DPST-7-2";"Auto"
"Zeitverzögerung Schaltung ms";"5/3/10";"False";"False";"DPT7.002";"";"DPST-7-2";"Auto"
"Delta-T Vorlauf/Rücklauf";"5/3/11";"False";"False";"DPT8.001";"";"DPST-8-1";"Auto"
"Delta-T Innen/Aussen";"5/3/12";"False";"False";"DPT8.001";"";"DPST-8-1";"Auto"
"Delta-T Soll/Ist Wohnzimmer";"5/3/13";"False";"False";"DPT8.001";"";"DPST-8-1";"Auto"
"Delta-T Soll/Ist Schlafzimmer";"5/3/14";"False";"False";"DPT8.001";"";"DPST-8-1";"Auto"
"Delta-T Soll/Ist Bad";"5/3/15";"False";"False";"DPT8.001";"";"DPST-8-1";"Auto"
"Laufzeit letzter Zyklus s";"5/3/16";"False";"False";"DPT7.005";"";"DPST-7-5";"Auto"
"Nachlaufzeit Pumpe s";"5/3/17";"False";"False";"DPT7.005";"";"DPST-7-5";"Auto"
"Zähler Alarme heute";"5/3/18";"False";"False";"DPT6.010";"";"DPST-6-10";"Auto"
"Zähler Schaltungen heute";"5/3/19";"False";"False";"DPT6.010";"";"DPST-6-10";"Auto"
"Signalstärke WLAN dBm";"5/3/20";"False";"False";"DPT6.010";"";"DPST-6-10";"Auto"
"Diagnose & Alarm";"5/4/-";"";"";"";"";"";""
"Alarminfo Sensor 1";"5/4/1";"False";"False";"DPT219.001";"";"";"Auto"
"Alarminfo Sensor 2";"5/4/2";"False";"False";"DPT219.001";"";"";"Auto"
"Alarminfo Sensor 3";"5/4/3";"False";"False";"DPT219.001";"";"";"Auto"
"Alarminfo Sensor 4";"5/4/4";"False";"False";"DPT219.001";"";"";"Auto"
"Alarminfo Sensor 5";"5/4/5";"False";"False";"DPT219.001";"";"";"Auto"
"Alarminfo Heizung";"5/4/6";"False";"False";"DPT219.001";"";"";"Auto"
"Alarminfo Lüftung";"5/4/7";"False";"False";"DPT219.001";"";"";"Auto"
"Alarminfo Wärmepumpe";"5/4/8";"False";"False";"DPT219.001";"";"";"Auto"
"Alarminfo Solar";"5/4/9";"False";"False";"DPT219.001";"";"";"Auto"
"Alarminfo Energiezähler";"5/4/10";"False";"False";"DPT219.001";"";"";"Auto"
"Impulszähler Kanal 1";"5/4/11";"False";"False";"DPT5.010";"";"DPST-5-10";"Auto"
"Impulszähler Kanal 2";"5/4/12";"False";"False";"DPT5.010";"";"DPST-5-10";"Auto"
"Impulszähler Kanal 3";"5/4/13";"False";"False";"DPT5.010";"";"DPST-5-10";"Auto"
"Impulszähler Kanal 4";"5/4/14";"False";"False";"DPT5.010";"";"DPST-5-10";"Auto"
"Impulszähler Kanal 5";"5/4/15";"False";"False";"DPT5.010";"";"DPST-5-10";"Auto"
"Statusbyte Anlage";"5/4/16";"False";"False";"DPT5.004";"";"DPST-5-4";"Auto"
"Statusbyte Heizung";"5/4/17";"False";"False";"DPT5.004";"";"DPST-5-4";"Auto"
"Statusbyte Lüftung";"5/4/18";"False";"False";"DPT5.004";"";"DPST-5-4";"Auto"
"Statusbyte Wärmepumpe";"5/4/19";"False";"False";"DPT5.004";"";"DPST-5-4";"Auto"
"Statusbyte Solar";"5/4/20";"False";"False";"DPT5.004";"";"DPST-5-4";"Auto"
"Kombinierte Grössen";"5/5/-";"";"";"";"";"";""
"Kombinierte Position Jalousie Wohnzimmer";"5/5/1";"False";"False";"DPT240.800";"";"";"Auto"
"Kombinierte Position Jalousie Schlafzimmer";"5/5/2";"False";"False";"DPT240.800";"";"";"Auto"
"Kombinierte Position Jalousie Bad";"5/5/3";"False";"False";"DPT240.800";"";"";"Auto"
"Kombinierte Position Jalousie Büro";"5/5/4";"False";"False";"DPT240.800";"";"";"Auto"
"Kombinierte Position Jalousie Küche";"5/5/5";"False";"False";"DPT240.800";"";"";"Auto"
"HVAC Modus Gesamt";"5/5/6";"False";"False";"DPT20.102";"";"DPST-20-102";"Auto"
"HVAC Modus Heizung";"5/5/7";"False";"False";"DPT20.102";"";"DPST-20-102";"Auto"
"Beaufort Windskala";"5/5/8";"False";"False";"DPT20.014";"";"DPST-20-14";"Auto"
"DALI Fade Time";"5/5/9";"False";"False";"DPT20.602";"";"DPST-20-602";"Auto"
"Blinkbetrieb Modus";"5/5/10";"False";"False";"DPT20.603";"";"DPST-20-603";"Auto"
"Lichtsteuerungsmodus";"5/5/11";"False";"False";"DPT20.604";"";"DPST-20-604";"Auto"
"Belegungsmodus Gesamt";"5/5/12";"False";"False";"DPT20.003";"";"DPST-20-3";"Auto"
"Gebäudemodus Status";"5/5/13";"False";"False";"DPT20.002";"";"DPST-20-2";"Auto"
"Bewölkungsgrad";"5/5/14";"False";"False";"DPT20.021";"";"DPST-20-21";"Auto"
"PSU Modus";"5/5/15";"False";"False";"DPT20.008";"";"DPST-20-8";"Auto"
"Verhalten Bus PowerUp";"5/5/16";"False";"False";"DPT20.601";"";"DPST-20-601";"Auto"
"Fehlerklasse System";"5/5/17";"False";"False";"DPT20.011";"";"DPST-20-11";"Auto"
"Fehlerklasse HVAC";"5/5/18";"False";"False";"DPT20.012";"";"DPST-20-12";"Auto"
"Priorität Raumregler";"5/5/19";"False";"False";"DPT20.004";"";"DPST-20-4";"Auto"
"Applikationsbereich";"5/5/20";"False";"False";"DPT20.006";"";"DPST-20-6";"Auto"
